airplane,0.20469401084531924
apple,0.00
backpack,0.23410985586207111
banana,0.00
baseball_bat,0.8501839293610516
baseball_glove,0.00
bear,0.00
bed,0.00
bench,0.1429171915143428
bicycle,0.10438095188855634
bird,0.25873005961806683
boat,0.3882749046810767
book,0.00
bottle,0.00
bowl,0.00
broccoli,0.00
bus,0.00
cake,0.00
car,0.36586092417353555
carrot,0.00
cat,0.00
phone,0.00
chair,0.00
clock,0.00
cow,0.00
cup,0.00
dining_table,0.00
dog,0.00
donut,0.00
elephant,0.00
fire_hydrant,0.00
fork,0.00
frisbee,0.00
giraffe,0.00
hair_drier,0.00
handbag,0.00
horse,0.00
hot_dog,0.00
keyboard,0.00
kite,0.00
knife,0.00
laptop,0.00
microwave,0.00
motorbike,0.00
mouse,0.00
orange,0.10760723013856488
oven,0.00
parking_meter,0.00
person,0.21469404074574427
pizza,0.00
pot_plant,0.18273355920519396
refrigerator,0.00
remote,0.11694072149672508
sandwich,0.3080022034138814
scissors,0.18260620551552265
sheep,0.00
sink,0.1739665254722471
skateboard,0.00
ski,0.00
snowboard,0.00
sofa,0.14707900696317955
spoon,0.00
ball,0.1913179305949182
stoplight,0.00
suitcase,0.00
surfboard,0.00
teddy_bear,0.00
tennis_racket,0.00
tie,0.00
toaster,0.3703323129388698
toilet,0.00
toothbrush,0.3333396218853455
traffic_light,0.00
train,0.00
truck,0.00
tv_monitor,0.26350113250317797
umbrella,0.00
vase,0.00
wineglass,0.00
zebra,0.00
Box,0.23477152009596924
Cart,0.33288980548906366
Chest_of_drawers,0.20411999703140227
Coat,0.4459299743033682
Crab,0.1650898762432096
Dolphin,0.2668225639708872
Duck,0.3091854433956174
Eagle,0.9429256002000486
Flag,0.36100876035192186
Lemon,0.30147613434365894
Lion,0.19547611073372195
Necklace,0.5432389115218683
Pig,0.4260168977857939
Plate,0.34428431928397174
Sandal,0.3217154206406381
Saucer,0.8982811920296605
Shirt,0.601033175665755
Snail,0.24364569193976493
Sparrow,0.21725234867502508
Tortoise,0.42982250303338176
