laptop,airplane,0.9823462314616158
laptop,apple,0.9954757098967164
laptop,backpack,0.8096888076154158
laptop,banana,0.976273061989609
laptop,baseball_bat,0.539749225332784
laptop,baseball_glove,0.41256397796298216
laptop,bear,0.996778388900573
laptop,bed,0.6346115366179959
laptop,bench,0.6737040413695183
laptop,bicycle,0.9529937397366197
laptop,bird,0.7134900484191675
laptop,boat,0.9142292080731593
laptop,book,0.9932745122216531
laptop,bottle,0.9509508873249359
laptop,bowl,0.7712724234095916
laptop,broccoli,0.9773406024262457
laptop,bus,0.9767586804327841
laptop,cake,0.6965169247208536
laptop,car,0.9956613131276981
laptop,carrot,0.9807198282266469
laptop,cat,0.9068116392063494
laptop,phone,0.4180411883138664
laptop,chair,0.6616584581331537
laptop,clock,0.9821925662935342
laptop,cow,0.9992665677567025
laptop,cup,0.9066078527734831
laptop,dining_table,0.9653264777436377
laptop,dog,0.6217402026259862
laptop,donut,0.98575351246987
laptop,elephant,0.9780650648656639
laptop,fire_hydrant,0.6925913316745991
laptop,fork,0.025546987696493773
laptop,frisbee,0.9968243166074373
laptop,giraffe,0.9815181398912074
laptop,hair_drier,0.4257847088619968
laptop,handbag,0.025546987696493773
laptop,horse,0.757728539715508
laptop,hot_dog,0.9956293260838649
laptop,keyboard,0.9854543310039006
laptop,kite,0.2855980786069683
laptop,knife,0.8985231549721036
laptop,laptop,0.7957506809814774
laptop,microwave,0.8046354839254661
laptop,motorbike,0.9881376410482972
laptop,mouse,0.9977201852541739
laptop,orange,0.9669792955325391
laptop,oven,0.5800175071471045
laptop,parking_meter,0.9762366285640525
laptop,person,0.2335569140090361
laptop,pizza,0.9803250664901029
laptop,pot_plant,0.803506907698857
laptop,refrigerator,0.9870931337420785
laptop,remote,0.9990631377333656
laptop,sandwich,0.9950203321937394
laptop,scissors,0.5787381682053727
laptop,sheep,0.9839626221931361
laptop,sink,0.025546987696493773
laptop,skateboard,0.9929880294988891
laptop,ski,0.998802801223416
laptop,snowboard,0.9122564459495521
laptop,sofa,0.9782627152771326
laptop,spoon,0.989608522956992
laptop,ball,0.2942143123355425
laptop,stoplight,0.9913041568769145
laptop,suitcase,0.3082793923082807
laptop,surfboard,0.47415348209590213
laptop,teddy_bear,0.6703363686547981
laptop,tennis_racket,0.9900193180163157
laptop,tie,0.025546987696493773
laptop,toaster,0.7347586085599787
laptop,toilet,0.9777634023497868
laptop,toothbrush,0.9875082745326171
laptop,traffic_light,0.9797280083178741
laptop,train,0.7476789160268851
laptop,truck,0.6648323941980081
laptop,tv_monitor,0.8081337870473071
laptop,umbrella,0.9294982070450253
laptop,vase,0.8105651466582415
laptop,wineglass,0.9823425393016247
laptop,zebra,0.9747884655002466
laptop,Box,0.5896192560303568
laptop,Cart,0.9450104448324694
laptop,Chest_of_drawers,0.9808115492539713
laptop,Coat,0.8464275381260542
laptop,Crab,0.9840157959996283
laptop,Dolphin,0.976732588035496
laptop,Duck,0.9806661167523636
laptop,Eagle,0.9205411958373517
laptop,Flag,0.9759559291662612
laptop,Lemon,0.9734182211295845
laptop,Lion,0.9758674001664858
laptop,Necklace,0.9797986674303516
laptop,Pig,0.7814533381806257
laptop,Plate,0.7895408081543636
laptop,Sandal,0.8862275340823729
laptop,Saucer,0.025546987696493773
laptop,Shirt,0.691212465201481
laptop,Snail,0.9760068051882484
laptop,Sparrow,0.9977640904629688
laptop,Tortoise,0.9771440644361604
